,datetime,timestamp,user_id,level,task,hr,gsr,rr,temperature,TLX_mean,TLX_mental_demand,TLX_physical_demand,TLX_temporal_demand,TLX_performance,TLX_effort,TLX_frustration,band_ax,band_ay,band_az,opacity_median,opacity_std
0,2017-09-08 14:18:06,1504880285489,bd47a,1,GC,59.66666666666666,7.282676274439404,1.045295999999994,32.849998474121115,13,3,2,2,2,3,1,-0.217122666666665,0.5717773333333357,0.801350999999998,0.0862745098039,0.0614379084967453
1,2017-09-08 14:20:28,1504880427486,bd47a,2,GC,59.333333333333336,7.692307692307711,1.0729493333333264,32.929999033610066,15,4,2,2,2,3,2,-0.2955729999999978,0.5524903333333359,0.7906496666666639,0.0549019607843,0.0181643339791812
2,2017-09-08 14:22:19,1504880538480,bd47a,0,GC,71.66666666666667,7.407678383680742,0.8185386666666604,32.97999954223632,13,3,2,2,2,3,1,-0.2590333333333309,0.3340656666666697,0.915771666666664,0.109803921569,0.0285879010021195
3,2017-09-08 14:24:56,1504880695497,bd47a,rest,NCrest,66.33333333333333,8.21930181095607,1.050826666666661,33.06999969482425,-1,-1,-1,-1,-1,-1,-1,0.3250326666666687,0.4662270000000024,0.8247879999999976,-1.0,-1.0
4,2017-09-08 14:27:32,1504880851499,bd47a,rest,NCrest,55.333333333333336,7.372445712822213,1.0287039999999938,33.11999893188485,-1,-1,-1,-1,-1,-1,-1,0.4724530000000018,0.8147785000000033,0.3435059999999974,-1.0,-1.0
5,2017-09-08 14:29:54,1504880993493,bd47a,rest,NCrest,68.33333333333333,8.00000000000002,0.9623359999999922,33.09999847412115,-1,-1,-1,-1,-1,-1,-1,0.3870441666666682,0.8627115000000029,0.3233641666666645,-1.0,-1.0
6,2017-09-08 14:13:02,1504879981505,bd47a,rest,FArest,56.0,7.045009784735821,1.0784799999999946,32.5299987792969,-1,-1,-1,-1,-1,-1,-1,0.4029133333333348,0.685302500000002,0.5630288333333324,-1.0,-1.0
7,2017-09-08 14:14:32,1504880071511,bd47a,rest,FArest,66.66666666666667,6.655042138913117,0.8461919999999932,32.6500015258789,-1,-1,-1,-1,-1,-1,-1,0.3778888333333346,0.582071833333336,0.6532389999999989,-1.0,-1.0
8,2017-09-08 14:16:19,1504880178485,bd47a,rest,FArest,59.0,6.80272108843539,1.0176426666666598,32.77000045776369,-1,-1,-1,-1,-1,-1,-1,0.229166666666668,0.4687906666666697,0.8570556666666652,-1.0,-1.0
9,2017-09-08 14:37:58,1504881477498,bd47a,rest,PTrest,62.66666666666666,5.137106388947344,0.9623359999999884,32.959999084472734,-1,-1,-1,-1,-1,-1,-1,0.3886311666666692,0.3739826666666695,0.8184406666666627,-1.0,-1.0
10,2017-09-08 14:39:16,1504881555500,bd47a,rest,PTrest,52.0,4.3433273233083804,1.1227253333333211,32.919998168945334,-1,-1,-1,-1,-1,-1,-1,-0.8713378333333307,-0.180989666666664,0.4834798333333288,-1.0,-1.0
11,2017-09-08 14:31:14,1504881073489,bd47a,rest,SXrest,71.0,7.979177334016064,0.7798239999999917,33.04999923706055,-1,-1,-1,-1,-1,-1,-1,0.4409183333333351,0.880696333333336,0.1831869999999978,-1.0,-1.0
12,2017-09-08 14:32:51,1504881170496,bd47a,rest,SXrest,58.66666666666666,5.569769523147731,1.084010666666658,32.919998168945334,-1,-1,-1,-1,-1,-1,-1,-0.914062333333331,-0.0916339399999977,0.4170736666666641,-1.0,-1.0
13,2017-09-08 14:36:21,1504881380512,bd47a,rest,SXrest,61.333333333333336,4.190058789259061,1.0121119999999897,32.959999084472734,-1,-1,-1,-1,-1,-1,-1,0.187418666666669,0.501627333333336,0.8487956666666627,-1.0,-1.0
14,2017-09-08 14:05:25,1504879524507,bd47a,2,HP,56.0,5.586592178770957,1.0895413333333293,32.30666732788082,14,3,2,2,2,3,2,0.2367350000000012,0.5575356666666673,0.7992349999999995,0.101960784314,0.0764566212594051
15,2017-09-08 14:07:37,1504879656504,bd47a,0,HP,62.0,6.012072241060051,1.2278079999999951,32.5,13,3,2,2,2,3,1,0.3149005000000012,0.3335368333333346,0.8681643333333321,0.0745098039215499,0.0441192032094598
16,2017-09-08 14:09:33,1504879772510,bd47a,1,HP,59.66666666666666,6.329113924050634,1.0176426666666618,32.619998931884794,13,3,2,2,2,3,1,0.3644206666666678,0.4168700000000022,0.832926333333333,0.101960784314,0.0356841197366163
17,2017-09-08 13:54:48,1504878887496,bd47a,rest,n3_rest,58.333333333333336,8.600439648020616,1.045295999999998,31.079999923706083,-1,-1,-1,-1,-1,-1,-1,0.3240153333333336,0.2304279999999992,0.9156086666666656,-1.0,-1.0
18,2017-09-08 14:37:16,1504881435503,bd47a,1,PT,60.333333333333336,4.8663625049910735,1.028703999999989,32.959999084472734,11,2,2,2,2,2,1,-0.4135741666666643,0.3831785000000026,0.8366293333333298,0.078431372549,0.217355395459454
19,2017-09-08 14:40:30,1504881629492,bd47a,2,PT,57.0,4.717051101905901,1.0121119999999866,32.90000152587893,15,3,2,2,2,3,3,-0.3907063333333302,0.240722833333336,0.8970541666666625,0.0705882352941,0.1259305997581156
20,2017-09-08 13:49:48,1504878587494,bd47a,rest,n2_rest,65.66666666666667,4.587603812777748,0.4037386666666649,30.35000038146969,-1,-1,-1,-1,-1,-1,-1,0.2227376666666673,0.5737303333333329,0.7912599999999993,-1.0,-1.0
21,2017-09-08 14:30:31,1504881030500,bd47a,0,SX,61.0,7.692307692307712,1.0065813333333251,33.080001831054744,11,2,2,2,2,2,1,0.4072266666666683,0.8508300000000032,0.3467203333333311,0.0549019607843,0.0045282374054077
22,2017-09-08 14:32:06,1504881125467,bd47a,1,SX,61.66666666666666,7.812500000000021,1.0895413333333257,32.939998626709034,11,2,2,2,2,2,1,0.407308000000002,0.8869630000000024,0.1391599999999977,0.0941176470588,0.0263650765708742
23,2017-09-08 14:35:12,1504881311485,bd47a,2,SX,56.66666666666666,4.190058789259063,1.0397653333333228,33.00000000000002,17,4,2,3,2,4,2,0.4149578333333361,0.2700600000000023,0.8675129999999968,0.078431372549,0.06160292611305
24,2017-09-08 14:06:30,1504879589488,bd47a,rest,HPrest,62.0,6.263431349424749,0.901498666666662,32.41999816894528,-1,-1,-1,-1,-1,-1,-1,0.3109946666666678,0.5236406666666679,0.7948403333333328,-1.0,-1.0
25,2017-09-08 14:08:27,1504879706487,bd47a,rest,HPrest,65.33333333333333,6.452856043325145,0.8406613333333284,32.573333740234354,-1,-1,-1,-1,-1,-1,-1,0.2987060000000013,0.5514730000000018,0.7798663333333323,-1.0,-1.0
26,2017-09-08 14:10:44,1504879843502,bd47a,rest,HPrest,60.0,6.122653819130785,1.0342346666666609,32.619998931884794,-1,-1,-1,-1,-1,-1,-1,0.3487955000000011,0.5061036666666694,0.788940333333333,-1.0,-1.0
27,2017-09-08 13:48:11,1504878490515,bd47a,1,n2,60.66666666666666,9.803921568627446,1.0342346666666655,29.88999938964839,-1,-1,-1,-1,-1,-1,-1,0.2696940000000002,0.6683756666666665,0.6974283333333329,-1.0,-1.0
28,2017-09-08 14:18:54,1504880333484,bd47a,rest,GCrest,56.0,7.752248558934625,1.0010506666666603,32.90000152587893,-1,-1,-1,-1,-1,-1,-1,0.546956333333335,0.4774170000000031,0.6866456666666645,-1.0,-1.0
29,2017-09-08 14:21:16,1504880475503,bd47a,rest,GCrest,63.333333333333336,8.243727598566325,0.9457439999999931,32.99000167846682,-1,-1,-1,-1,-1,-1,-1,0.0888263333333356,0.5428060000000027,0.8058269999999975,-1.0,-1.0
30,2017-09-08 14:23:16,1504880595481,bd47a,rest,GCrest,63.66666666666666,7.692307692307708,1.0729493333333269,33.029998779296925,-1,-1,-1,-1,-1,-1,-1,0.2142740000000022,0.5601400000000027,0.802978333333331,-1.0,-1.0
31,2017-09-08 14:12:16,1504879935506,bd47a,2,FA,56.333333333333336,6.578947368421059,1.0508266666666617,32.56999969482419,13,3,2,2,2,3,1,-0.8000489999999987,0.5589193333333354,0.2726233333333324,0.0627450980392,0.0639107412940677
32,2017-09-08 14:13:49,1504880028484,bd47a,1,FA,67.33333333333333,6.289308176100637,1.0563573333333265,32.59000015258789,10,2,2,2,1,2,1,0.3379313333333347,0.5470380000000028,0.7655433333333322,0.0862745098039,0.0118947065790596
33,2017-09-08 14:15:16,1504880115511,bd47a,0,FA,59.0,6.535947712418317,0.967866666666659,32.7000007629395,10,2,2,1,2,2,1,0.3593753333333345,0.4946290000000029,0.7925616666666655,0.0745098039215499,0.017654319493992
34,2017-09-08 13:51:48,1504878707487,bd47a,2,n3,63.0,6.896551724137924,1.084010666666664,30.719999313354503,-1,-1,-1,-1,-1,-1,-1,0.2750650000000007,0.5904133333333328,0.761759333333333,-1.0,-1.0
35,2017-09-08 14:24:09,1504880648482,bd47a,0,NC,57.66666666666666,7.792312661498722,1.0010506666666608,33.04000091552734,13,3,2,2,2,3,1,0.2161456666666688,0.5652670000000026,0.7989096666666642,0.0627450980392,0.0149206232346839
36,2017-09-08 14:26:45,1504880804494,bd47a,2,NC,60.66666666666666,7.407407407407422,1.03423466666666,33.139999389648466,13,3,2,2,2,3,1,0.3477376666666686,0.4539386666666691,0.8138023333333306,0.078431372549,0.0190362314106898
37,2017-09-08 14:28:50,1504880929496,bd47a,1,NC,61.0,7.371096586782872,1.0010506666666592,33.09999847412115,13,3,2,2,2,3,1,0.3597820000000015,0.906779000000003,0.202229833333331,0.0627450980392,0.0212831537350095
